<?xml version = '1.0' encoding = 'UTF-8'?>
<Relation class="oracle.dbtools.crest.model.design.logical.Relation" name="TER" directorySegmentName="seg_0" id="7DE6E67F-8FC5-6652-11D5-06136F7A5664">
<createdBy>luizz</createdBy>
<createdTime>2023-11-17 01:04:54 UTC</createdTime>
<ownerDesignName>DermaHelp_Global_Solution_Relacional</ownerDesignName>
<engineerTo>
<item key="54A3CC10-9346-B57A-5282-4DBA4DAEF885" value="true"/>
</engineerTo>
<sourcePk>28353388-4D83-2FFA-5940-4DEE81F5EBB6</sourcePk>
<identifying>false</identifying>
<optionalSource>true</optionalSource>
<optionalTarget>false</optionalTarget>
<sourceCardinality>1</sourceCardinality>
<sourceEntity>0530E58D-2105-7065-F9B4-55489C89522B</sourceEntity>
<targetCardinalityString>*</targetCardinalityString>
<targetEntity>EBE5EC6F-D109-C5CB-493D-FA1F47674B94</targetEntity>
<transferable>true</transferable>
<deleteRule>NO ACTION</deleteRule>
</Relation>
