<?xml version = '1.0' encoding = 'UTF-8'?>
<Table class="oracle.dbtools.crest.model.design.relational.Table" directorySegmentName="seg_0" id="40B71469-4A3A-DFF3-1A8C-8A949BBD7814" name="USUARIO">
<createdBy>luizz</createdBy>
<createdTime>2023-11-18 12:01:00 UTC</createdTime>
<generatorID>0530E58D-2105-7065-F9B4-55489C89522B</generatorID>
<ownerDesignName>DermaHelp_Global_Solution_Logico</ownerDesignName>
<ordsAlias>t_usuario</ordsAlias>
<allowColumnReorder>false</allowColumnReorder>
<existDependencyGenerateInDDl>true</existDependencyGenerateInDDl>
<parsed>true</parsed>
<columns itemClass="oracle.dbtools.crest.model.design.relational.Column">
<Column name="id_usuario" id="63C9764C-27AA-960B-3F01-C2F0B5719D9E">
<createdBy>luizz</createdBy>
<createdTime>2023-11-18 12:01:00 UTC</createdTime>
<generatorID>38B2B83B-1A59-5AF5-2F22-DB2476D5F7D9</generatorID>
<ownerDesignName>DermaHelp_Global_Solution_Logico</ownerDesignName>
<useDomainConstraints>false</useDomainConstraints>
<use>1</use>
<logicalDatatype>LOGDT019</logicalDatatype>
<dataTypePrecision>2</dataTypePrecision>
<ownDataTypeParameters>,2,</ownDataTypeParameters>
<autoIncrementCycle>false</autoIncrementCycle>
</Column>
<Column name="nm_usuario" id="9CF3E57C-88BA-8B09-D921-5E2C05DDA6B3">
<createdBy>luizz</createdBy>
<createdTime>2023-11-18 12:01:00 UTC</createdTime>
<generatorID>7E368B67-7EBD-1D6D-17A0-F9C445D6A83B</generatorID>
<ownerDesignName>DermaHelp_Global_Solution_Logico</ownerDesignName>
<useDomainConstraints>false</useDomainConstraints>
<use>1</use>
<logicalDatatype>LOGDT024</logicalDatatype>
<dataTypeSize>55</dataTypeSize>
<ownDataTypeParameters>55,,</ownDataTypeParameters>
<autoIncrementCycle>false</autoIncrementCycle>
</Column>
<Column name="nr_cpf" id="5867FAD4-BC9E-9EE2-A894-61798DF54920">
<createdBy>luizz</createdBy>
<createdTime>2023-11-18 12:01:00 UTC</createdTime>
<generatorID>DE048DC4-8EB3-EAD4-CD11-9FBD8E652A48</generatorID>
<ownerDesignName>DermaHelp_Global_Solution_Logico</ownerDesignName>
<useDomainConstraints>false</useDomainConstraints>
<use>1</use>
<logicalDatatype>LOGDT024</logicalDatatype>
<dataTypeSize>11</dataTypeSize>
<ownDataTypeParameters>11,,</ownDataTypeParameters>
<autoIncrementCycle>false</autoIncrementCycle>
</Column>
<Column name="ds_email" id="BB22AE6F-CD19-F2A2-076F-604D155A790A">
<createdBy>luizz</createdBy>
<createdTime>2023-11-18 12:01:00 UTC</createdTime>
<generatorID>FD1E21E9-F018-7CB9-C2F0-4B3BDF6AB8CC</generatorID>
<ownerDesignName>DermaHelp_Global_Solution_Logico</ownerDesignName>
<useDomainConstraints>false</useDomainConstraints>
<use>1</use>
<logicalDatatype>LOGDT024</logicalDatatype>
<dataTypeSize>75</dataTypeSize>
<ownDataTypeParameters>75,,</ownDataTypeParameters>
<autoIncrementCycle>false</autoIncrementCycle>
</Column>
<Column name="ds_senha" id="04EC1E1E-72B0-0B22-D5D0-EA9DCB0C204D">
<createdBy>luizz</createdBy>
<createdTime>2023-11-18 12:01:00 UTC</createdTime>
<generatorID>D7F3249F-9400-88ED-6163-25A02D40F4BA</generatorID>
<ownerDesignName>DermaHelp_Global_Solution_Logico</ownerDesignName>
<useDomainConstraints>false</useDomainConstraints>
<use>1</use>
<logicalDatatype>LOGDT024</logicalDatatype>
<dataTypeSize>25</dataTypeSize>
<ownDataTypeParameters>25,,</ownDataTypeParameters>
<autoIncrementCycle>false</autoIncrementCycle>
</Column>
</columns>
<indexes itemClass="oracle.dbtools.crest.model.design.relational.Index">
<ind_PK_UK id="67BA2560-ED53-FA1D-0746-217C5B208667" name="PK_USUARIO">
<createdBy>luizz</createdBy>
<createdTime>2023-11-18 12:01:00 UTC</createdTime>
<generatorID>28353388-4D83-2FFA-5940-4DEE81F5EBB6</generatorID>
<ownerDesignName>DermaHelp_Global_Solution_Logico</ownerDesignName>
<pk>true</pk>
<indexState>Primary Constraint</indexState>
<isSurrogateKey>false</isSurrogateKey>
<indexColumnUsage>
<colUsage columnID="63C9764C-27AA-960B-3F01-C2F0B5719D9E"/>
</indexColumnUsage>
</ind_PK_UK>
</indexes>
</Table>
