<?xml version = '1.0' encoding = 'UTF-8'?>
<Entity class="oracle.dbtools.crest.model.design.logical.Entity" directorySegmentName="seg_0" id="88D8A143-7428-1B7A-A990-6034C612ACD2" name="CONSULTORIO">
<createdBy>luizz</createdBy>
<createdTime>2023-11-17 01:10:03 UTC</createdTime>
<ownerDesignName>DermaHelp_Global_Solution_Relacional</ownerDesignName>
<engineerTo>
<item key="54A3CC10-9346-B57A-5282-4DBA4DAEF885" value="true"/>
</engineerTo>
<adequatelyNormalized>NO</adequatelyNormalized>
<expectedVolumes>0</expectedVolumes>
<fwdEngineeringStrategyName>Single Table</fwdEngineeringStrategyName>
<growthPercent>0</growthPercent>
<growthType>Year</growthType>
<maxVolumes>9999999</maxVolumes>
<minVolumes>0</minVolumes>
<normalForm>Third</normalForm>
<attributes itemClass="oracle.dbtools.crest.model.design.logical.Attribute">
<Attribute name="id_consultorio" id="F32C09B3-A472-88BA-D423-688FA46675E7">
<createdBy>luizz</createdBy>
<createdTime>2023-11-17 01:10:13 UTC</createdTime>
<ownerDesignName>DermaHelp_Global_Solution_Relacional</ownerDesignName>
<engineerTo>
<item key="54A3CC10-9346-B57A-5282-4DBA4DAEF885" value="true"/>
</engineerTo>
<useDomainConstraints>false</useDomainConstraints>
<use>1</use>
<logicalDatatype>LOGDT019</logicalDatatype>
<dataTypePrecision>2</dataTypePrecision>
<ownDataTypeParameters>,2,</ownDataTypeParameters>
</Attribute>
<Attribute name="id_endereco" id="1FA4E47C-D871-2AD5-A235-E7DA5BACE3FF">
<createdBy>luizz</createdBy>
<createdTime>2023-11-17 01:33:55 UTC</createdTime>
<generatorID>D3A48DBF-81F7-01D3-D448-C240D464F2F9</generatorID>
<ownerDesignName>DermaHelp_Global_Solution_Relacional</ownerDesignName>
<engineerTo>
<item key="54A3CC10-9346-B57A-5282-4DBA4DAEF885" value="true"/>
</engineerTo>
<referedAttribute>BBF01167-99A1-DECD-A583-201460ACEDD6</referedAttribute>
<useDomainConstraints>false</useDomainConstraints>
<use>1</use>
<logicalDatatype>LOGDT019</logicalDatatype>
<dataTypePrecision>3</dataTypePrecision>
<ownDataTypeParameters>,3,</ownDataTypeParameters>
</Attribute>
<Attribute name="nm_empresa" id="1FEC8AC8-1D5D-8BF6-CE57-CAFF34C914DD">
<createdBy>luizz</createdBy>
<createdTime>2023-11-17 01:10:30 UTC</createdTime>
<ownerDesignName>DermaHelp_Global_Solution_Relacional</ownerDesignName>
<engineerTo>
<item key="54A3CC10-9346-B57A-5282-4DBA4DAEF885" value="true"/>
</engineerTo>
<useDomainConstraints>false</useDomainConstraints>
<use>1</use>
<logicalDatatype>LOGDT024</logicalDatatype>
<dataTypeSize>55</dataTypeSize>
<ownDataTypeParameters>55,,</ownDataTypeParameters>
</Attribute>
<Attribute name="nr_cnpj" id="612F18DF-F6AE-E7BD-9720-E47031CB4449">
<createdBy>luizz</createdBy>
<createdTime>2023-11-17 01:10:53 UTC</createdTime>
<ownerDesignName>DermaHelp_Global_Solution_Relacional</ownerDesignName>
<engineerTo>
<item key="54A3CC10-9346-B57A-5282-4DBA4DAEF885" value="true"/>
</engineerTo>
<useDomainConstraints>false</useDomainConstraints>
<use>1</use>
<logicalDatatype>LOGDT024</logicalDatatype>
<dataTypeSize>14</dataTypeSize>
<ownDataTypeParameters>14,,</ownDataTypeParameters>
</Attribute>
</attributes>
<identifiers itemClass="oracle.dbtools.crest.model.design.logical.CandidateKey">
<identifier id="7DB66D1E-1EEB-F0EC-3670-6754A1CBBA76" name="PK_CONSULTORIO ">
<createdBy>luizz</createdBy>
<createdTime>2023-11-17 01:10:29 UTC</createdTime>
<ownerDesignName>DermaHelp_Global_Solution_Relacional</ownerDesignName>
<engineerTo>
<item key="54A3CC10-9346-B57A-5282-4DBA4DAEF885" value="true"/>
</engineerTo>
<pk>true</pk>
<newElementsIDs>F32C09B3-A472-88BA-D423-688FA46675E7</newElementsIDs>
<usedAttributes>
<attributeRef>F32C09B3-A472-88BA-D423-688FA46675E7</attributeRef>
</usedAttributes>
</identifier>
</identifiers>
</Entity>
