<?xml version = '1.0' encoding = 'UTF-8'?>
<Entity class="oracle.dbtools.crest.model.design.logical.Entity" directorySegmentName="seg_0" id="DD161012-51BF-A139-D1B7-CA103B8877E2" name="ENDERECO">
<createdBy>luizz</createdBy>
<createdTime>2023-11-17 01:21:50 UTC</createdTime>
<ownerDesignName>DermaHelp_Global_Solution_Relacional</ownerDesignName>
<engineerTo>
<item key="54A3CC10-9346-B57A-5282-4DBA4DAEF885" value="true"/>
</engineerTo>
<adequatelyNormalized>NO</adequatelyNormalized>
<expectedVolumes>0</expectedVolumes>
<fwdEngineeringStrategyName>Single Table</fwdEngineeringStrategyName>
<growthPercent>0</growthPercent>
<growthType>Year</growthType>
<maxVolumes>9999999</maxVolumes>
<minVolumes>0</minVolumes>
<normalForm>Third</normalForm>
<attributes itemClass="oracle.dbtools.crest.model.design.logical.Attribute">
<Attribute name="id_endereco" id="BBF01167-99A1-DECD-A583-201460ACEDD6">
<createdBy>luizz</createdBy>
<createdTime>2023-11-17 01:21:58 UTC</createdTime>
<ownerDesignName>DermaHelp_Global_Solution_Relacional</ownerDesignName>
<engineerTo>
<item key="54A3CC10-9346-B57A-5282-4DBA4DAEF885" value="true"/>
</engineerTo>
<useDomainConstraints>false</useDomainConstraints>
<use>1</use>
<logicalDatatype>LOGDT019</logicalDatatype>
<dataTypePrecision>3</dataTypePrecision>
<ownDataTypeParameters>,3,</ownDataTypeParameters>
</Attribute>
<Attribute name="ds_logradouro" id="4A735451-2920-6503-8CE2-D15445E04F83">
<createdBy>luizz</createdBy>
<createdTime>2023-11-17 01:22:15 UTC</createdTime>
<ownerDesignName>DermaHelp_Global_Solution_Relacional</ownerDesignName>
<engineerTo>
<item key="54A3CC10-9346-B57A-5282-4DBA4DAEF885" value="true"/>
</engineerTo>
<useDomainConstraints>false</useDomainConstraints>
<use>1</use>
<logicalDatatype>LOGDT024</logicalDatatype>
<dataTypeSize>50</dataTypeSize>
<ownDataTypeParameters>50,,</ownDataTypeParameters>
</Attribute>
<Attribute name="ds_complemento" id="4E737B93-4610-2B17-13DB-CECDF4026FC2">
<createdBy>luizz</createdBy>
<createdTime>2023-11-17 01:22:40 UTC</createdTime>
<ownerDesignName>DermaHelp_Global_Solution_Relacional</ownerDesignName>
<engineerTo>
<item key="54A3CC10-9346-B57A-5282-4DBA4DAEF885" value="true"/>
</engineerTo>
<useDomainConstraints>false</useDomainConstraints>
<use>1</use>
<logicalDatatype>LOGDT024</logicalDatatype>
<dataTypeSize>45</dataTypeSize>
<ownDataTypeParameters>45,,</ownDataTypeParameters>
</Attribute>
<Attribute name="nm_cidade" id="6982A1A0-5460-ABD6-587D-519CF7D71357">
<createdBy>luizz</createdBy>
<createdTime>2023-11-17 01:22:54 UTC</createdTime>
<ownerDesignName>DermaHelp_Global_Solution_Relacional</ownerDesignName>
<engineerTo>
<item key="54A3CC10-9346-B57A-5282-4DBA4DAEF885" value="true"/>
</engineerTo>
<useDomainConstraints>false</useDomainConstraints>
<use>1</use>
<logicalDatatype>LOGDT024</logicalDatatype>
<dataTypeSize>55</dataTypeSize>
<ownDataTypeParameters>55,,</ownDataTypeParameters>
</Attribute>
<Attribute name="nm_estado" id="B8D1FFD4-F0A2-A2C3-15FB-34E994D0A294">
<createdBy>luizz</createdBy>
<createdTime>2023-11-17 01:23:10 UTC</createdTime>
<ownerDesignName>DermaHelp_Global_Solution_Relacional</ownerDesignName>
<engineerTo>
<item key="54A3CC10-9346-B57A-5282-4DBA4DAEF885" value="true"/>
</engineerTo>
<useDomainConstraints>false</useDomainConstraints>
<use>1</use>
<logicalDatatype>LOGDT024</logicalDatatype>
<dataTypeSize>55</dataTypeSize>
<ownDataTypeParameters>55,,</ownDataTypeParameters>
</Attribute>
<Attribute name="ds_cep" id="779734D5-3676-4182-B5AE-3809FC1B9255">
<createdBy>luizz</createdBy>
<createdTime>2023-11-17 01:23:26 UTC</createdTime>
<ownerDesignName>DermaHelp_Global_Solution_Relacional</ownerDesignName>
<engineerTo>
<item key="54A3CC10-9346-B57A-5282-4DBA4DAEF885" value="true"/>
</engineerTo>
<useDomainConstraints>false</useDomainConstraints>
<use>1</use>
<logicalDatatype>LOGDT024</logicalDatatype>
<dataTypeSize>8</dataTypeSize>
<ownDataTypeParameters>8,,</ownDataTypeParameters>
</Attribute>
</attributes>
<identifiers itemClass="oracle.dbtools.crest.model.design.logical.CandidateKey">
<identifier id="CA998016-1ECF-B8A7-6275-7C7630B0542D" name="PK_ENDERECO ">
<createdBy>luizz</createdBy>
<createdTime>2023-11-17 01:22:15 UTC</createdTime>
<ownerDesignName>DermaHelp_Global_Solution_Relacional</ownerDesignName>
<engineerTo>
<item key="54A3CC10-9346-B57A-5282-4DBA4DAEF885" value="true"/>
</engineerTo>
<pk>true</pk>
<newElementsIDs>BBF01167-99A1-DECD-A583-201460ACEDD6</newElementsIDs>
<usedAttributes>
<attributeRef>BBF01167-99A1-DECD-A583-201460ACEDD6</attributeRef>
</usedAttributes>
</identifier>
</identifiers>
</Entity>
