<?xml version = '1.0' encoding = 'UTF-8'?>
<Entity class="oracle.dbtools.crest.model.design.logical.Entity" directorySegmentName="seg_0" id="EE27DEDD-BC91-2BB2-DCDE-AF72AA37CD4D" name="CONSULTA">
<createdBy>luizz</createdBy>
<createdTime>2023-11-17 01:13:13 UTC</createdTime>
<ownerDesignName>DermaHelp_Global_Solution_Relacional</ownerDesignName>
<engineerTo>
<item key="54A3CC10-9346-B57A-5282-4DBA4DAEF885" value="true"/>
</engineerTo>
<adequatelyNormalized>NO</adequatelyNormalized>
<expectedVolumes>0</expectedVolumes>
<fwdEngineeringStrategyName>Single Table</fwdEngineeringStrategyName>
<growthPercent>0</growthPercent>
<growthType>Year</growthType>
<maxVolumes>9999999</maxVolumes>
<minVolumes>0</minVolumes>
<normalForm>Third</normalForm>
<attributes itemClass="oracle.dbtools.crest.model.design.logical.Attribute">
<Attribute name="id_consulta" id="A8E9CF0B-354B-4B3F-D20B-9468A24C6D18">
<createdBy>luizz</createdBy>
<createdTime>2023-11-17 01:13:22 UTC</createdTime>
<ownerDesignName>DermaHelp_Global_Solution_Relacional</ownerDesignName>
<engineerTo>
<item key="54A3CC10-9346-B57A-5282-4DBA4DAEF885" value="true"/>
</engineerTo>
<useDomainConstraints>false</useDomainConstraints>
<use>1</use>
<logicalDatatype>LOGDT019</logicalDatatype>
<dataTypePrecision>3</dataTypePrecision>
<ownDataTypeParameters>,3,</ownDataTypeParameters>
</Attribute>
<Attribute name="id_consultorio" id="4E8A020A-9D96-448A-7F2D-7F9AA78B0175">
<createdBy>luizz</createdBy>
<createdTime>2023-11-17 01:18:57 UTC</createdTime>
<generatorID>FF6D5C62-AD19-FE61-F904-A9545B760D24</generatorID>
<ownerDesignName>DermaHelp_Global_Solution_Relacional</ownerDesignName>
<engineerTo>
<item key="54A3CC10-9346-B57A-5282-4DBA4DAEF885" value="true"/>
</engineerTo>
<referedAttribute>F32C09B3-A472-88BA-D423-688FA46675E7</referedAttribute>
<useDomainConstraints>false</useDomainConstraints>
<use>1</use>
<logicalDatatype>LOGDT019</logicalDatatype>
<dataTypePrecision>2</dataTypePrecision>
<ownDataTypeParameters>,2,</ownDataTypeParameters>
</Attribute>
<Attribute name="id_medico " id="E5280FEB-4124-1701-7075-DB070ED17DA1">
<createdBy>luizz</createdBy>
<createdTime>2023-11-17 01:34:22 UTC</createdTime>
<generatorID>C7DA0282-C645-88B9-47FA-B17B02E30DEA</generatorID>
<ownerDesignName>DermaHelp_Global_Solution_Relacional</ownerDesignName>
<engineerTo>
<item key="54A3CC10-9346-B57A-5282-4DBA4DAEF885" value="true"/>
</engineerTo>
<referedAttribute>949CDA11-0746-9773-1822-7F0F8D0E6A74</referedAttribute>
<useDomainConstraints>false</useDomainConstraints>
<use>1</use>
<logicalDatatype>LOGDT019</logicalDatatype>
<dataTypePrecision>2</dataTypePrecision>
<ownDataTypeParameters>,2,</ownDataTypeParameters>
</Attribute>
<Attribute name="id_usuario" id="9C1EC393-2FF9-035E-B4BB-41D8FF3C9E3C">
<createdBy>luizz</createdBy>
<createdTime>2023-11-17 01:20:26 UTC</createdTime>
<generatorID>46E4B4A3-AC2F-5815-7A10-51513DC20D90</generatorID>
<ownerDesignName>DermaHelp_Global_Solution_Relacional</ownerDesignName>
<engineerTo>
<item key="54A3CC10-9346-B57A-5282-4DBA4DAEF885" value="true"/>
</engineerTo>
<referedAttribute>38B2B83B-1A59-5AF5-2F22-DB2476D5F7D9</referedAttribute>
<useDomainConstraints>false</useDomainConstraints>
<use>1</use>
<logicalDatatype>LOGDT019</logicalDatatype>
<dataTypePrecision>2</dataTypePrecision>
<ownDataTypeParameters>,2,</ownDataTypeParameters>
</Attribute>
<Attribute name="dt_data_hora" id="22767282-FF32-4FA9-449D-954BD91E748B">
<createdBy>luizz</createdBy>
<createdTime>2023-11-17 01:16:06 UTC</createdTime>
<ownerDesignName>DermaHelp_Global_Solution_Relacional</ownerDesignName>
<engineerTo>
<item key="54A3CC10-9346-B57A-5282-4DBA4DAEF885" value="true"/>
</engineerTo>
<useDomainConstraints>false</useDomainConstraints>
<use>1</use>
<logicalDatatype>LOGDT015</logicalDatatype>
<ownDataTypeParameters>,,</ownDataTypeParameters>
</Attribute>
</attributes>
<identifiers itemClass="oracle.dbtools.crest.model.design.logical.CandidateKey">
<identifier id="94C519DF-4B67-81C9-48A0-6E1BCC4BB9D4" name="PK_CONSULTA ">
<createdBy>luizz</createdBy>
<createdTime>2023-11-17 01:13:35 UTC</createdTime>
<ownerDesignName>DermaHelp_Global_Solution_Relacional</ownerDesignName>
<engineerTo>
<item key="54A3CC10-9346-B57A-5282-4DBA4DAEF885" value="true"/>
</engineerTo>
<pk>true</pk>
<newElementsIDs>A8E9CF0B-354B-4B3F-D20B-9468A24C6D18</newElementsIDs>
<usedAttributes>
<attributeRef>A8E9CF0B-354B-4B3F-D20B-9468A24C6D18</attributeRef>
</usedAttributes>
</identifier>
</identifiers>
</Entity>
